<?xml version="1.0" encoding="UTF-8"?>
<configurationDescriptor version="100">
  <logicalFolder name="root" displayName="root" projectFiles="true" kind="ROOT">
    <logicalFolder name="HeaderFiles"
                   displayName="Header Files"
                   projectFiles="true">
      <itemPath>include/Pelota.h</itemPath>
      <itemPath>include/Pelotas.h</itemPath>
      <itemPath>include/definiciones.h</itemPath>
      <itemPath>include/miniwin.h</itemPath>
      <itemPath>include/utilidades.h</itemPath>
    </logicalFolder>
    <logicalFolder name="ResourceFiles"
                   displayName="Resource Files"
                   projectFiles="true">
    </logicalFolder>
    <logicalFolder name="SourceFiles"
                   displayName="Source Files"
                   projectFiles="true">
      <itemPath>src/Pelota.cpp</itemPath>
      <itemPath>src/Pelotas.cpp</itemPath>
      <itemPath>src/main.cpp</itemPath>
      <itemPath>src/miniwin.cpp</itemPath>
      <itemPath>src/utilidades.cpp</itemPath>
    </logicalFolder>
    <logicalFolder name="TestFiles"
                   displayName="Test Files"
                   projectFiles="false"
                   kind="TEST_LOGICAL_FOLDER">
    </logicalFolder>
    <logicalFolder name="ExternalFiles"
                   displayName="Important Files"
                   projectFiles="false"
                   kind="IMPORTANT_FILES_FOLDER">
      <itemPath>Makefile</itemPath>
    </logicalFolder>
  </logicalFolder>
  <projectmakefile>Makefile</projectmakefile>
  <confs>
    <conf name="Debug" type="1">
      <toolsSet>
        <compilerSet>default</compilerSet>
        <dependencyChecking>true</dependencyChecking>
        <rebuildPropChanged>false</rebuildPropChanged>
      </toolsSet>
      <compileType>
        <ccTool>
          <incDir>
            <pElem>include</pElem>
          </incDir>
        </ccTool>
        <linkerTool>
          <output>${CND_DISTDIR}/${CND_CONF}/${CND_PLATFORM}/pelota</output>
          <commandLine>-pthread -lX11</commandLine>
        </linkerTool>
      </compileType>
      <item path="include/Pelota.h" ex="false" tool="3" flavor2="0">
      </item>
      <item path="include/Pelotas.h" ex="false" tool="3" flavor2="0">
      </item>
      <item path="include/definiciones.h" ex="false" tool="3" flavor2="0">
      </item>
      <item path="include/miniwin.h" ex="false" tool="3" flavor2="0">
      </item>
      <item path="include/utilidades.h" ex="false" tool="3" flavor2="0">
      </item>
      <item path="src/Pelota.cpp" ex="false" tool="1" flavor2="0">
      </item>
      <item path="src/Pelotas.cpp" ex="false" tool="1" flavor2="0">
      </item>
      <item path="src/main.cpp" ex="false" tool="1" flavor2="0">
      </item>
      <item path="src/miniwin.cpp" ex="false" tool="1" flavor2="0">
      </item>
      <item path="src/utilidades.cpp" ex="false" tool="1" flavor2="0">
      </item>
    </conf>
    <conf name="Release" type="1">
      <toolsSet>
        <compilerSet>default</compilerSet>
        <dependencyChecking>true</dependencyChecking>
        <rebuildPropChanged>false</rebuildPropChanged>
      </toolsSet>
      <compileType>
        <cTool>
          <developmentMode>5</developmentMode>
        </cTool>
        <ccTool>
          <developmentMode>5</developmentMode>
        </ccTool>
        <fortranCompilerTool>
          <developmentMode>5</developmentMode>
        </fortranCompilerTool>
        <asmTool>
          <developmentMode>5</developmentMode>
        </asmTool>
      </compileType>
      <item path="include/Pelota.h" ex="false" tool="3" flavor2="0">
      </item>
      <item path="include/Pelotas.h" ex="false" tool="3" flavor2="0">
      </item>
      <item path="include/definiciones.h" ex="false" tool="3" flavor2="0">
      </item>
      <item path="include/miniwin.h" ex="false" tool="3" flavor2="0">
      </item>
      <item path="include/utilidades.h" ex="false" tool="3" flavor2="0">
      </item>
      <item path="src/Pelota.cpp" ex="false" tool="1" flavor2="0">
      </item>
      <item path="src/Pelotas.cpp" ex="false" tool="1" flavor2="0">
      </item>
      <item path="src/main.cpp" ex="false" tool="1" flavor2="0">
      </item>
      <item path="src/miniwin.cpp" ex="false" tool="1" flavor2="0">
      </item>
      <item path="src/utilidades.cpp" ex="false" tool="1" flavor2="0">
      </item>
    </conf>
  </confs>
</configurationDescriptor>
