<?xml version="1.0" encoding="UTF-8"?>
<project-private xmlns="http://www.netbeans.org/ns/project-private/1">
    <data xmlns="http://www.netbeans.org/ns/make-project-private/1">
        <activeConfTypeElem>1</activeConfTypeElem>
        <activeConfIndexElem>0</activeConfIndexElem>
    </data>
    <editor-bookmarks xmlns="http://www.netbeans.org/ns/editor-bookmarks/2" lastBookmarkId="0"/>
    <open-files xmlns="http://www.netbeans.org/ns/projectui-open-files/2">
        <group>
            <file>file:/home/alejandro/NetBeansProjects/Pelota/include/definiciones.h</file>
            <file>file:/home/alejandro/NetBeansProjects/Pelota/src/Pelotas.cpp</file>
            <file>file:/home/alejandro/NetBeansProjects/Pelota/include/Pelota.h</file>
            <file>file:/home/alejandro/NetBeansProjects/Pelota/src/main.cpp</file>
            <file>file:/home/alejandro/NetBeansProjects/Pelota/src/miniwin.cpp</file>
            <file>file:/home/alejandro/NetBeansProjects/Pelota/include/Pelotas.h</file>
            <file>file:/home/alejandro/NetBeansProjects/Pelota/include/utilidades.h</file>
            <file>file:/home/alejandro/NetBeansProjects/Pelota/src/Pelota.cpp</file>
            <file>file:/home/alejandro/NetBeansProjects/Pelota/src/utilidades.cpp</file>
        </group>
    </open-files>
</project-private>
